UserId,UserName,FirstName,LastName
7,bmcdonnell2v,Benton,McDonnell
8,dboultae,Dulcia,Boult
9,mleprovost4e,Marlene,Le Provost
25,bgoulbourn1m,Barbra,Goulbourn
26,koloughane2y,Kaitlyn,O'Loughane
27,jpedwell4q,Jemima,Pedwell
29,brawdales50,Barbette,Rawdales
48,pgrishukov1i,Pegeen,Grishukov
55,cdoughteryc3,Celestyn,Doughtery
107,dsaccoft,Deonne,Sacco
141,tdauncey7p,Timothea,Dauncey
149,gberginiw,Gonzales,Bergin
153,awinleypd,Allister,Winley
164,cdibbsbe,Celine,Dibbs
175,jnewmangj,Jan,Newman
184,bgasonei,Binni,Gason
198,jstenning8j,Jud,Stenning
204,rhoffnerpu,Rem,Hoffner
205,achaddockn4,Anastassia,Chaddock
211,gsessuns2p,Gisela,Sessuns
220,pantonsenri,Percy,Antonsen
226,hkillingbeck9u,Herold,Killingbeck
228,rmalt5k,Rudolph,Malt
253,aroyalla7,Ariel,Royall
255,bburn7b,Bernete,Burn
273,ccaldecottnq,Colly,Caldecott
278,mvannikov2k,Myrtice,Vannikov
295,theatlyke,Trudy,Heatly
298,ggrayk6,Giorgia,Gray
301,ghelbeckjk,Gare,Helbeck
332,cclemmett69,Cordelia,Clemmett
351,eabramf2,Elena,Abram
363,rpreshoqv,Rees,Presho
396,byeskiniu,Brad,Yeskin
412,ctheodorel4,Cam,Theodore
446,gmeakinmf,Geri,Meakin
504,sprattonbm,Stuart,Pratton
517,mbetunhy,Maje,Betun
536,fstonefewingspt,Flint,Stone Fewings
554,sosban9t,Sigrid,Osban
564,kcoopeyez,Kassia,Coopey
569,dpoxtongv,Darby,Poxton
585,gborthwicknx,Gilligan,Borthwick
594,bmartyaj,Bill,Marty
601,bheadleyn7,Barde,Headley
607,bphipsonbu,Beatriz,Phipson
647,agoranovkv,Abner,Goranov
652,rpicoppn5,Roxane,Picopp
702,kdeelaymo,Karlie,Deelay
726,ccusiter8m,Cris,Cusiter
736,mellcomerh,Mar,Ellcome
738,astakerlt,Arlen,Staker
779,fmationps,Frannie,Mation
786,bearngy1s,Briney,Earngy
802,lbirtwell9w,Lamar,Birtwell
817,cadanez32,Claudine,Adanez
858,mbrockhouseji,Mabelle,Brockhouse
885,hravenshear6l,Herschel,Ravenshear
887,telleryh,Travis,Ellery
920,cbruckenthaldi,Clemmie,Bruckenthal
939,csiggerscf,Catriona,Siggers
950,kmclurgns,Ky,McLurg
982,aattleeg0,Alverta,Attlee
992,shanselmanna9,Stefan,Hanselmann
997,sdewankn,Sherye,Dewan
1004,fsoeirobx,Feliza,Soeiro
1047,rgibbettnd,Reeva,Gibbett
1076,scammisip,Sibyl,Cammis
1090,cham93,Cam,Ham
1104,sverlanderq3,Sutton,Verlander
1123,lrooperja,Lynnette,Rooper
1127,kwhitelawbr,Karalynn,Whitelaw
1129,rburdetti1,Reginauld,Burdett
1143,dfollandbi,Dedra,Folland
1145,vspurretkd,Vilma,Spurret
1149,rdrovermm,Ray,Drover
1181,mmacrannellc8,Morgana,MacRannell
1185,agiraldoncq,Algernon,Giraldon
1196,boakerld,Bartholemy,Oaker
1206,ajonasm6,Ari,Jonas
1212,cgobbetol,Cleon,Gobbet
1213,lrenaq,Linzy,Ren
1247,bbeardswortho1,Bert,Beardsworth
1315,dgrisewoodrm,Denys,Grisewood
1329,adoni13,Augustina,Doni
1337,hverbruggekh,Hilary,Verbrugge
1353,fjordansonel,Fulvia,Jordanson
1370,rwulfingerh8,Rozanne,Wulfinger
1386,csheppardjj,Carmine,Sheppard
1394,ssizlando5,Stevy,Sizland
1399,mstorrln,Monroe,Storr
1406,nstroulgerqh,Natalina,Stroulger
1413,kfowleylo,Karla,Fowley
1419,tcasettaqm,Tierney,Casetta
1425,flagdenpo,Filippa,Lagden
1426,wberkerycj,Waite,Berkery
1464,omuldera6,Obidiah,Mulder
1470,atheisqo,Averyl,Theis
1481,atidyix,Anallese,Tidy
1484,arobjentscy,Arther,Robjents
1485,mtawnhi,Malissia,Tawn
1505,droylehs,Damara,Royle
1534,nsawreyc,Nobe,Sawrey
1536,dstruthers8f,Devlen,Struthers
1664,mnajeraaw,Matthieu,Najera
1693,gmackenlb,Glyn,Macken
1730,mpetruj3,Margaret,Petru
1740,bkidsleyjd,Bevan,Kidsley
1760,drosbergjn,Dorine,Rosberg
1765,rberena,Ripley,Bere
1796,lbodelldm,Leyla,Bodell
1838,aedlinkq,Avigdor,Edlin
1845,ropferbw,Raimundo,Opfer
1846,wtilliardgg,Wye,Tilliard
1848,ggrellierco,Gavrielle,Grellier
1868,sjoyesem,Seka,Joyes
1877,dlouisot21,Delmar,Louisot
1885,tdaltry9l,Thorin,Daltry
1894,dattleegc,Doy,Attlee
1935,emcpakeki,Ezmeralda,Mc Pake
1944,bveldmanbb,Brion,Veldman
1956,abrewern9,Averil,Brewer
1965,gbrosini85,Gabbey,Brosini
1979,icrantonoy,Irvine,Cranton
2006,dclinchjr,Darell,Clinch
2007,adeperofs,Asia,De Pero
2048,bhellwigda,Basia,Hellwig
2054,ywillersonmu,York,Willerson
2130,oshevlanny,Orelie,Shevlan
2170,jdowdju,Jane,Dowd
2226,blarrowayh2,Brandtr,Larroway
2230,spenhaleks,Stephanie,Penhale
2231,enann79,Edwina,Nann
2244,membrakm,Maura,Embra
2245,sboxe7v,Sandra,Boxe
2261,stevliniq,Stacie,Tevlin
2266,ftwitteyax,Farand,Twittey
2276,aogers2q,Aaron,Ogers
2280,slashmore5z,Silvia,Lashmore
2286,bsoan5a,Bernita,Soan
2295,alandsborough6w,Abby,Landsborough
2298,rbromehed70,Riley,Bromehed
2319,uoverelam,Ulberto,Overel
2327,lcoonqr,Laura,Coon
2328,fhuckinqn,Fredra,Huckin
2330,gsapircr,Grier,Sapir
2339,hseemanr1,Henrik,Seeman
2355,wwimlettfj,Wayne,Wimlett
2379,ilangcasterm9,Ivar,Langcaster
2384,oauklandfr,Orton,Aukland
2388,cmasigm,Chelsy,Masi
2393,nmcmennumby,Naomi,McMennum
2401,cblazebyle,Candis,Blazeby
2405,menterlenc,Mickie,Enterle
2410,mboagnh,Meris,Boag
2417,smaccostyp6,Sara-ann,MacCosty
2426,alanchester86,Adele,Lanchester
2427,triccardhc,Trenna,Riccard
2430,nblackahno,Nelle,Blackah
2446,fgallegoskl,Faunie,Gallegos
2452,abedissfm,Ailsun,Bediss
2497,jiacovellif1,Jehu,Iacovelli
2510,fmcguffgk,Frederigo,McGuff
2516,smaurorn,Shirl,Mauro
2552,cchamia,Correy,Cham
2556,ksnazelea,Kassi,Snazel
2565,rdunshw,Rainer,Duns
2568,akos88,Andras,Kos
2570,ateaserii,Alida,Teaser
2578,apolycoteh9,Alvin,Polycote
2586,lwiszniewski7h,Lynnett,Wiszniewski
2591,fdieganhb,Filippo,Diegan
2592,blindegardhn,Brien,Lindegard
2610,hzanussiidn,Heidi,Zanussii
2656,tcushworthmn,Terza,Cushworth
2664,jskelington8l,Janeva,Skelington
2675,reliazik,Rosalynd,Eliaz
2680,imcilroy9s,Ilyssa,McIlroy
2713,siddiensdr,Sidnee,Iddiens
2723,hmowbrayq2,Hilde,Mowbray
2731,dtutillly,Dorree,Tutill
2825,gboaterc9,Grenville,Boater
2837,jhuddlesf6,Jacky,Huddles
2839,jblakedenab,Jermaine,Blakeden
2855,ctaggartq5,Chelsea,Taggart
2866,aepgraveeb,Allis,Epgrave
2867,esellarsof,Eli,Sellars
2897,dhaldane8s,Danny,Haldane
2904,bcathersidesje,Babita,Cathersides
2906,iscandrootn3,Ina,Scandroot
2933,apetersenfk,Avram,Petersen
2940,sbettecp,Skip,Bette
2949,hlodeke9c,Howey,Lodeke
2978,ncaldecot5v,Nicola,Caldecot
2992,mstearnesd8,Melvin,Stearnes
2995,mbridatjq,Marlowe,Bridat
3015,wlauxmannlj,Warde,Lauxmann
3036,ibrackenridge92,Ibby,Brackenridge
3049,dmckeurtan28,Dorie,McKeurtan
3078,cswainger9d,Cleavland,Swainger
3082,jwilchergi,Jeffrey,Wilcher
3092,ndubockkg,Nerty,Dubock
3102,lcuttelarqi,Luelle,Cuttelar
3111,dandreaccio64,Donielle,Andreaccio
3134,fburriln0,Flemming,Burril
3149,bimesonck,Barth,Imeson
3155,cyatemand5,Clark,Yateman
3161,bstearnekt,Brockie,Stearne
3180,mbrandeskx,Marilin,Brandes
3209,dbustardbh,Dominique,Bustard
3232,gsyer53,Gisele,Syer
3233,dmcphilemy89,Danella,McPhilemy
3238,mleemando,Marie-ann,Leeman
3239,tpetrishchev71,Teador,Petrishchev
3244,pcottonrf,Penny,Cotton
3275,ghelisdj,Grange,Helis
3297,bprestiead,Britte,Prestie
3304,theyballe5,Thomasine,Heyball
3315,gpenderedb8,Gregg,Pendered
3332,dgendrichpb,Dahlia,Gendrich
3339,gbawdeng4,Gratiana,Bawden
3361,lsecombehk,Libbie,Secombe
3372,bbatt5l,Bendix,Batt
3374,gelmarrb,Gabriello,Elmar
3379,ldeddenlf,Lavinia,Dedden
3383,smcnamee6a,Sabina,McNamee
3392,jfebenhd,Jean,Feben
3415,fyuryevrj,Fannie,Yuryev
3416,kcrabbgt,Karia,Crabb
3439,mblencoeaz,Mela,Blencoe
3444,jbrooksj7,Jilly,Brooks
3468,abrunta4,Adelheid,Brunt
3478,imisselbrookr0,Isacco,Misselbrook
3487,pdillicatenm,Phil,Dillicate
3490,jwitheridge7n,Jacquette,Witheridge
3523,bmunkleyen,Bartholomeus,Munkley
3550,mbrammalloc,Marline,Brammall
3561,rbeneditedz,Raquel,Benedite
3567,cbenesevichfc,Cly,Benesevich
3577,mredgewellqt,Margaux,Redgewell
3588,nnabarrofw,Noella,Nabarro
3625,afratczakb7,Athene,Fratczak
3635,akamen12,Arlana,Kamen
3658,llaye6e,Larry,Laye
3661,gkeetingg9,Galvan,Keeting
3677,hfurnellon,Hamish,Furnell
3681,bribaap,Bobbie,Riba
3694,tpiggenskk,Trevar,Piggens
3705,pbalcockqf,Paola,Balcock
3714,bmcgillivrie5w,Bay,McGillivrie
3738,dtoffanon8,Doe,Toffano
3744,kologhlen7s,Kelsey,O'Loghlen
3785,jedeler8c,Julissa,Edeler
3806,ederrickfh,Emmy,Derrick
3809,cgrimble9n,Christie,Grimble
3829,mstent67,Maybelle,Stent
3858,rbamberac,Roze,Bamber
3873,mbeadelp9,Maurise,Beadel
3879,stilbeyl9,Stearne,Tilbey
3880,dpavolini8,Dallis,Pavolini
3886,smacgovernp0,Sharyl,MacGovern
3895,ghasling1g,Gayle,Hasling
3908,pdevanygs,Parnell,Devany
3931,mternouthiy,Maria,Ternouth
3945,ccostelloe60,Coralyn,Costelloe
3946,cleeleif,Christal,Leele
3958,elubye8,Etta,Luby
3961,mkippin6q,Mikol,Kippin
3962,rreyne8n,Rocky,Reyne
3967,rpeermanc2,Ronalda,Peerman
3970,etwaitsqz,Eb,Twaits
3985,jtyehu,Jilly,Tye
3987,ecrucittigd,Ebenezer,Crucitti
4009,gleicesternt,Geralda,Leicester
4021,credwingc0,Curtice,Redwing
4031,jclewleyou,Jessalyn,Clewley
4072,klauthianjg,Kennedy,Lauthian
4114,hwortersb1,Hoyt,Worters
4153,twombwellcg,Theresina,Wombwell
4178,dbussenskw,Darwin,Bussens
4188,nstubbleyi7,Nance,Stubbley
4215,dmachen8v,Dionne,Machen
4248,mdeackes5y,Maureen,Deackes
4251,dgorchgr,Diane-marie,Gorch
4254,mkilgoureh,Mollee,Kilgour
4265,mcastillonm2,Moore,Castillon
4269,gcazinj1,Gabriele,Cazin
4283,cdyster9f,Celisse,Dyster
4307,zsiehardo4,Zola,Siehard
4325,cpettomd,Cherin,Petto
4328,aboardmanfn,Annelise,Boardman
4336,mcallerr8,Marget,Caller
4337,oyarntonqj,Orlan,Yarnton
4357,cleonardefx,Cherise,Leonarde
4359,lferrettie2,Laina,Ferretti
4362,ekernerjh,Evita,Kerner
4366,mcoaten6z,Mehetabel,Coaten
4375,lpenwardenan,Lydie,Penwarden
4387,ksheardsnw,Kristopher,Sheards
4393,svassall9a,Sayre,Vassall
4404,zroadgy,Zechariah,Road
4447,ojankumq,Odey,Janku
4449,pbratt8h,Pepito,Bratt
4499,gloram8d,Gerardo,Loram
4524,gmcevay8k,Grange,McEvay
4530,clefloche4,Carmon,Le Floch
4533,mgirall3,Margaret,Giral
4536,rantognetti99,Redford,Antognetti
4541,ghalfpennyiz,Gabriel,Halfpenny
4544,nbealqa,Nyssa,Beal
4570,bbruhnkelw,Burtie,Bruhnke
4620,ashilitojt,Arnuad,Shilito
4629,sricardeka,Sidonia,Ricarde
4656,rsalasarhe,Ransell,Salasar
4706,rtrahearnb0,Rebecca,Trahearn
4719,skmenti8,Stephana,Kment
4725,hannets7z,Hashim,Annets
4728,hhedworthi2,Holt,Hedworth
4772,yskeellx,Yoshi,Skeel
4776,kgarrowr3,Kerr,Garrow
4778,kheinertrp,Keelia,Heinert
4788,mtrengrousec7,Mateo,Trengrouse
4791,pkeysk7,Parrnell,Keys
4811,mwilshinmw,Morten,Wilshin
4818,echaperlingr7,Eric,Chaperling
4825,roxendendc,Renaldo,Oxenden
4838,gcordenpn,Gunther,Corden
4847,kcamelc5,Kilian,Camel
4890,rtearleqx,Rolfe,Tearle
4899,wmoreyp1,Waylon,Morey
4905,rcolebynk,Rebeka,Coleby
4915,acheesleylr,Alysia,Cheesley
4925,lcolbertbg,Lovell,Colbert
4928,aheaysman8y,Augustus,Heaysman
4951,awinspire6v,Allie,Winspire
4960,jgosnollms,Jeanelle,Gosnoll
4980,ekopelmanlp,Elana,Kopelman
4994,tdigweedfz,Tersina,Digweed
5001,rerrowecx,Rowan,Errowe
5015,tlacazeq7,Tabatha,Lacaze
5041,asettle8t,Andres,Settle
5044,rosburnq8,Rossie,Osburn
5046,nsmullenne,Newton,Smullen
5054,nclementuccibp,Nicoline,Clementucci
5073,mwimpennyet,Mechelle,Wimpenny
5104,saldgatema,Silvana,Aldgate
5110,agavigan9y,Abbie,Gavigan
5112,pgalle6n,Patti,Galle
5114,pruilton16,Phillipe,Ruilton
5129,dfidgettek,Donovan,Fidgett
5137,cbudnkk4,Colin,Budnk
5143,mlinekeri0,Magdalene,Lineker
5163,cpeaseepx,Craggie,Peasee
5183,cburburoughor,Candide,Burburough
5208,sdeasondb,Selia,Deason
5215,gsitwell1d,Gaspar,Sitwell
5217,mbulluskc,Melonie,Bullus
5226,sgrewcock73,Sam,Grewcock
5227,rstearnesmh,Roz,Stearnes
5232,fludfordnu,Fin,Ludford
5233,acockley76,Aili,Cockley
5242,spfertnerhf,Siana,Pfertner
5245,ewheelwrightm8,Elli,Wheelwright
5253,gboulgerpe,Germain,Boulger
5268,askurraymk,Agnes,Skurray
5288,omechanqe,Oren,Mechan
5296,ndaelmanmj,Nance,Daelman
5323,sgontieroi,Samuel,Gontier
5332,lquodlinglq,Larine,Quodling
5341,mritchleyku,Marji,Ritchley
5348,jaikettjy,Jeremiah,Aikett
5362,sdenson1o,Seymour,Denson
5369,dmactimpany6o,Davidson,MacTimpany
5375,spunchard8w,Stanton,Punchard
5388,hrodman5o,Hallsy,Rodman
5402,eguaredl,Ernie,Guare
5415,rbygateie,Ransell,Bygate
5419,aarzuat,Annadiana,Arzu
5430,jscantleburyis,Julian,Scantlebury
5431,ljoyseym0,Lind,Joysey
5435,cthomesson3d,Carlyle,Thomesson
5439,kcruse9m,Kendrick,Cruse
5478,ptomlinsjx,Pammie,Tomlins
5486,jsmaridge8g,Jasen,Smaridge
5494,tguinnessr6,Tony,Guinness
5539,eblackhallhm,Evy,Blackhall
5545,ddudney9k,Danell,Dudney
5583,canniono7,Charlotta,Annion
5584,gassiter8i,Glen,Assiter
5602,ddruce8r,Delores,Druce
5603,nmacpaden5q,Nev,MacPaden
5614,dgoefffq,Debi,Goeff
5647,mumfreym4,Morganica,Umfrey
5760,ocalder26,Odetta,Calder
5761,vbaukham7t,Vanny,Baukham
5777,bdabnorjw,Benson,Dabnor
5787,carnefieldp7,Catriona,Arnefield
5789,apurkinsig,Adeline,Purkins
5800,bsanderj5,Berkley,Sander
5803,hacocka3,Hynda,Acock
5805,lsugdenra,Leoline,Sugden
5822,fpatonli,Field,Paton
5835,wmeyrickic,Woodie,Meyrick
5837,rjeffersonbn,Rosene,Jefferson
5863,dfourmy7u,Dodi,Fourmy
5878,clearfi,Clarance,Lear
5901,pcallaghaniv,Percy,Callaghan
5905,awhytemanbs,Aeriel,Whyteman
5923,zbeals9o,Zelig,Beals
5926,dgounodt,Delcine,Gounod
5949,iflewin7l,Ivan,Flewin
5975,htennantot,Harv,Tennant
6025,mbrunelliio,Mellisa,Brunelli
6044,bbrazenerid,Bruce,Brazener
6054,asandesl5,Alfreda,Sandes
6057,dbrabenderlz,Diandra,Brabender
6058,bluckhamqs,Bobette,Luckham
6077,mgarroodpr,Magda,Garrood
6081,hdringex,Heinrick,Dring
6086,tnodenqg,Terencio,Noden
6094,dpalkegf,Dieter,Palke
6097,achudleighk9,Atlante,Chudleigh
6111,dhaygreenej,Devan,Haygreen
6112,telement33,Tove,Element
6125,rearp9g,Robbi,Earp
6147,pmaginnlc,Pooh,Maginn
6162,mscotchfordo2,Moore,Scotchford
6217,fnoteas,Feodora,Note
6225,rpidgley7d,Richmound,Pidgley
6231,jdienesgb,Joyce,Dienes
6237,fmeanwelldg,Federico,Meanwell
6244,rbramichr2,Riki,Bramich
6259,jwilkesmx,Jobie,Wilkes
6280,bfowlesoo,Buddy,Fowles
6305,pskocroftdx,Piper,Skocroft
6322,aandreonerl,Arlen,Andreone
6379,adownz,Adolf,Dow
6380,adivvermb,Anne-marie,Divver
6387,lzoephelcb,Layton,Zoephel
6399,fyarnallp8,Farrell,Yarnall
6415,sbordis1r,Sauveur,Bordis
6445,ggoodhandrr,Gertrude,Goodhand
6475,bbute9,Bradan,But
6484,afragino2z,Arda,Fragino
6485,rsheaddh,Rudolf,Shead
6501,atubbo,Arni,Tubb
6517,sdicarloqp,Susana,Di Carlo
6539,bokellhq,Bryant,Okell
6547,ekleisle80,Emalee,Kleisle
6553,ssergeauntf3,Sal,Sergeaunt
6558,ahutchcraftom,Avrom,Hutchcraft
6585,agoodeeao,Annie,Goodee
6605,jhusselbee9i,Jodie,Husselbee
6625,kvazquez8z,Karleen,Vazquez
6636,gmoen7f,Greg,Moen
6662,twillischfv,Tamma,Willisch
6681,tfinlaysonbv,Tiertza,Finlayson
6698,lnewdickb6,Lyda,Newdick
6703,ckaynego,Cammi,Kayne
6715,dcoggillh3,Douglas,Coggill
6729,ftavenerbd,Francoise,Tavener
6787,ncastelotih,Nichole,Castelot
6812,hdottrellgh,Horatia,Dottrell
6823,jgregr7r,Jill,Gregr
6836,nluno5i,Nikola,Luno
6839,erhodef8p,Elenore,Rhodef
6844,lfarnhill96,Lyda,Farnhill
6855,mveschambrel0,Minetta,Veschambre
6895,cbradtkep2,Carmine,Bradtke
6909,nbeckleybz,Nancee,Beckley
6929,amcclarengw,Aveline,McClaren
6942,jamanger5b,Jules,aManger
6944,bjostee,Bartel,Jost
6961,npearebt,Nessy,Peare
6988,tmeyrickc4,Townie,Meyrick
7023,dbasler72,Dominik,Basler
7029,bbulfootd0,Brynna,Bulfoot
7030,bnewartil,Breena,Newart
7068,dbleuef9,Dugald,Bleue
7069,sshippbo,Sly,Shipp
7095,athemlg8,Arleen,Theml
7120,arosendallmr,Ardelis,Rosendall
7125,bstryde65,Bank,Stryde
7129,tcostami,Toby,Costa
7131,eshorrockeq,Ethelind,Shorrock
7134,rabbisondq,Ray,Abbison
7159,athatchamgp,Arlette,Thatcham
7170,edownsb4,Eleonora,Downs
7178,lbettamcu,Lucia,Bettam
7179,jblackburnk2,Jillie,Blackburn
7193,tgrouenit,Ted,Grouen
7203,vspraggs8a,Vidovic,Spraggs
7223,gleglise6r,Gail,Leglise
7235,ymawtusho,Yvonne,Mawtus
7244,zclancyev,Zuzana,Clancy
7245,bbarbeyjl,Bel,Barbey
7257,hgradleyq0,Haven,Gradley
7273,vainsworthg7,Vivian,Ainsworth
7280,teva84,Thom,Eva
7291,gchaveyb3,Guillermo,Chavey
7346,mbuesdenb5,Mandy,Buesden
7360,mdelamarhh,Marv,Delamar
7387,guccelin6,Giacobo,Ucceli
7390,eghidelli8u,Eloisa,Ghidelli
7403,fbrimilcomegq,Felicity,Brimilcome
7410,aselcraig6h,Adrian,Selcraig
7433,gsellens1t,Gratia,Sellens
7438,haseyai,Hannie,Asey
7443,knewtong3,Kenn,Newton
7444,ssulleroa,Saloma,Suller
7466,dcordekr,Dalston,Corde
7476,gbattlestonela,Garreth,Battlestone
7478,mfonte5p,Mohammed,Fonte
7482,dvarnam77,Darryl,Varnam
7490,gdomenichinipp,Giulio,Domenichini
7500,bgraves8q,Barbey,Graves
7513,glangeley7j,Glenden,Langeley
7517,pharradinel8,Peirce,Harradine
7525,apedderseni5,Abra,Peddersen
7537,rvalentin9x,Rosetta,Valentin
7564,fghelarducci4i,Frederigo,Ghelarducci
7622,mminton5j,Marji,Minton
7662,amcfarlanbq,Allyson,McFarlan
7670,ipeggremq6,Ingmar,Peggrem
7697,csackeyec,Cullin,Sackey
7712,cjanuaryst62,Charis,January 1st
7719,bkaman83,Bordie,Kaman
7720,csartenf8,Camella,Sarten
7723,agaulerg5,Aprilette,Gauler
7742,rbelfhj,Ruy,Belf
7784,mblaircl,Marion,Blair
7794,ccoulbeck9e,Corbett,Coulbeck
7799,cgerardir,Christen,Gerard
7806,rpiddockfo,Rosemarie,Piddock
7810,xgreenhowedp,Xymenes,Greenhowe
7813,rrobinette6p,Rusty,Robinette
7822,tcraterenb,Tootsie,Cratere
7853,swearkf,Suzann,Wear
7861,dlait9v,Doll,Lait
7874,dbeardowfy,Desi,Beardow
7900,ftaylorhp,Fletch,Taylor
7906,nbareham4g,Natala,Bareham
7928,bygouro,Bernard,Ygou
7929,bcaddens6x,Borg,Caddens
7956,eslineg6,Eward,Sline
7964,vwigginslg,Vi,Wiggins
7972,mdemougeot5n,Morey,Demougeot
7975,kburleton68,Kassi,Burleton
7990,ssutordf,Sybyl,Sutor
7991,kcoreyct,Kasper,Corey
8004,mjirzikjb,Marlyn,Jirzik
8012,msybbeoe,Miltie,Sybbe
8015,plemmer9,Petronia,Lemmer
8019,jhunnablej,Jocelyne,Hunnable
8030,abotham5s,August,Botham
8068,dtuttpc,Donnamarie,Tutt
8093,bkick7a,Babara,Kick
8111,dmcguinness5x,Donaugh,McGuinness
8121,rhatherillfp,Rutger,Hatherill
8129,ffritschelc1,Foster,Fritschel
8130,baguilaraf,Brenn,Aguilar
8132,mamoore2f,Marigold,Amoore
8136,wcubbino9j,Willy,Cubbino
8138,lbeddoesep,Lorilee,Beddoes
8140,asmyleye7,Adelaida,Smyley
8143,tyallop6k,Teodoor,Yallop
8161,jkohlerrk,Josie,Kohler
8165,jrowlandsij,Jeannie,Rowlands
8181,srenney5f,Sutherland,Renney
8192,wleftwichdt,Winnifred,Leftwich
8193,nmerieto9,Nadeen,Meriet
8201,dtowllpq,Dacy,Towll
8203,ebier78,Ermengarde,Bier
8205,cvigarsq,Carlin,Vigars
8209,slahiff3y,Sydney,Lahiff
8223,vlawlornj,Vere,Lawlor
8234,jcolebourneng,Janelle,Colebourne
8253,blippitt9z,Bord,Lippitt
8278,lfernely9p,Levon,Fernely
8290,asellmand4,Ana,Sellman
8295,framshaykz,Ferdinande,Ramshay
8305,frandlesonky,Fifi,Randleson
8331,mdocz,Mella,Do
8333,reveque6s,Rafaellle,Eveque
8336,tlabroneh1,Traver,Labrone
8341,ocrossanjm,Orv,Crossan
8342,rguidonib9,Rena,Guidoni
8376,dlade5h,Demeter,Lade
8401,cbawdon5m,Christine,Bawdon
8445,atatchelln1,Adamo,Tatchell
8503,awhitewood81,Ainslie,Whitewood
8505,srylandshz,Shurlock,Rylands
8535,bmckechnieci,Boone,McKechnie
8546,vcrebo45,Vladamir,Crebo
8553,jmuggeridge5g,Jdavie,Muggeridge
8566,earkcollqy,Evelina,Arkcoll
8596,dgobolosin,Dee,Gobolos
8599,apleagerjs,Anna,Pleager
8631,pmawer4r,Portie,Mawer
8634,cgraffhambl,Cassius,Graffham
8642,sdeancywillisgl,Saundra,de'-Ancy Willis
8666,fbroz4w,Federica,Broz
8704,jbendixov,Julianne,Bendix
8705,nmcduffie8e,Nestor,McDuffie
8717,jdocherty5r,Jody,Docherty
8721,tmiddleditchj4,Tuckie,Middleditch
8726,kgilchristgn,Karina,Gilchrist
8763,bradeliffe97,Berkley,Radeliffe
8770,cscreen9q,Carl,Screen
8801,ndugmore7e,Neala,Dugmore
8822,cjewittp5,Corrie,Jewitt
8833,ddickensl7,Daryl,Dickens
8868,dmaddiej9,Deni,Maddie
8879,jwhetnall87,Jeana,Whetnall
8888,asummersonm3,Arlen,Summerson
8892,cbragerh7,Creight,Brager
8913,nquigjf,Nicolai,Quig
8916,adanilenkod6,Antonio,Danilenko
8925,hscrivens7k,Hubert,Scrivens
8941,gcanterojv,Griffie,Cantero
9009,kmcskeagan4z,Kathleen,McSkeagan
9015,mcheesemand1,Melitta,Cheeseman
9023,pcratesg1,Pascale,Crates
9028,kdoweyi4,Kassandra,Dowey
9130,abriar66,Adelina,Briar
9139,twaterhowseme,Tandy,Waterhowse
9146,hdemongeotfa,Hunt,Demongeot
9210,ewavell25,Eugenius,Wavell
9216,bpatryd7,Brigid,Patry
9233,dnattrasser,Dev,Nattrass
9248,bphilliso6,Bili,Phillis
9258,leayres10,Letta,Eayres
9270,ffranzotto8o,Francklin,Franzotto
9288,jepiscopiml,John,Episcopi
9296,mjanosevic7i,Myrle,Janosevic
9305,odranehx,Octavia,Drane
9313,ajacobssennf,Arvin,Jacobssen
9314,ccookel2,Coraline,Cooke
9332,mtschiersequ,Mile,Tschierse
9337,thailes5u,Trumann,Hailes
9360,amarshlandhv,Aubert,Marshland
9372,apeotz1u,Aurlie,Peotz
9411,prumney54,Pace,Rumney
9419,bsennl,Billy,Senn
9434,rpickerincc,Raimund,Pickerin
9441,lslocketds,Lindy,Slocket
9444,ejurischh5,Edmon,Jurisch
9475,swaadenburgqc,Sydney,Waadenburg
9494,tsturchkb,Tibold,Sturch
9496,trough7w,Taber,Rough
9504,cmallinderha,Cassandry,Mallinder
9521,dpigneypk,Darrelle,Pigney
9525,kmckeown6c,Karisa,McKeown
9547,amccandiegx,Augustina,McCandie
9548,nchrismasr9,Nyssa,Chrismas
9564,dorrisay,Dyann,Orris
9569,aaslinjp,Arnold,Aslin
9594,cstentifordox,Corena,Stentiford
9602,vmatyasikjc,Valery,Matyasik
9632,gruddochbc,Georgeanne,Ruddoch
9639,mpaskmz,Marys,Pask
9683,ejerremsge,Ebonee,Jerrems
9714,dgraveh6,Donnamarie,Grave
9738,gettermc,Gran,Etter
9782,bfishbourned9,Brnaba,Fishbourne
9787,glyndsrd,Goober,Lynds
9788,aduckerinl6,Arlen,Duckerin
9796,sbolderok5,Shelly,Boldero
9801,sfoakesl1,Saree,Foakes
9808,mwemesr5,Murray,Wemes
9829,uowtramr4,Ulric,Owtram
9856,sgoodeeeg,Saba,Goodee
9860,amcmeekanef,Aeriell,McMeekan
9874,rgrassi91,Rudyard,Grassi
9883,ekemshellni,Elli,Kemshell
9898,ldabney9b,Lisha,Dabney
9900,mpaladinidk,Maighdiln,Paladini
9936,ccovington6f,Cecil,Covington
9945,cretallackf0,Cam,Retallack
9962,rgrossrg,Raoul,Gross
9963,cikinscw,Crichton,Ikins
9986,vlowtondw,Vevay,Lowton
9987,bquinnellgu,Bartlett,Quinnell
9998,elintsba,Elwyn,Lints
10003,ctollerfieldqk,Cassy,Tollerfield
10005,dvynehalljo,Darcey,Vynehall
10034,fdelahunt5t,Frasier,Delahunt
10069,lpinnerre,Lucille,Pinner
10071,cearp7y,Codie,Earp
10073,lcunioj0,Lion,Cunio
10077,hweineah,Hew,Weine
10082,bfareweather59,Bendick,Fareweather
10125,mdecullipcd,Marlena,de Cullip
10170,vcarrodusqq,Vickie,Carrodus
10178,abaruchfe,Amata,Baruch
10213,wabramovicipw,Worthington,Abramovici
10221,smaciverg2,Skylar,MacIver
10229,mgerardetob,Mitchael,Gerardet
10258,gbeebleo0,Guillaume,Beeble
10285,pbuardls,Pete,Buard
10290,nmcentee6g,Nickola,McEntee
10309,rberkeleyq9,Rasla,Berkeley
10323,skeuntjepa,Scott,Keuntje
10324,bwilex,Briney,Wile
10330,vduttoned,Vinnie,Dutton
10346,bmattack8x,Benn,Mattack
10372,dmostini3,Daryl,Mostin
10374,fchestoncm,Franzen,Cheston
10379,grosentholernl,Gay,Rosentholer
10406,jbozwarda8,Jamill,Bozward
10450,gparadeo3,Garek,Parade
10452,dguislerk8,Durant,Guisler
10476,rpasterfieldrq,Rahal,Pasterfield
10480,bharesnapebk,Bart,Haresnape
10507,lphillippsav,Leora,Phillipps
10549,alidgardnr,Ardra,Lidgard
10556,mvenuseu,Marijn,Venus
10560,jpooleyd3,Joela,Pooley
10568,tmuspratht,Terza,Musprat
10588,ihambridgepm,Irene,Hambridge
10671,ispirenv,Ivor,Spire
10674,vdever63,Vick,Dever
10675,smoncreifpv,Sheila-kathryn,Moncreif
10688,vlenoirog,Verine,Le Noir
10690,jroughsedgea0,Jami,Roughsedge
10707,kkubatk0,Krishna,Kubat
10715,astanhopeal,Aubert,Stanhope
10719,vcleynaertch,Valli,Cleynaert
10722,dwellbelove41,Deina,Wellbelove
10725,dmcmeeking6y,Dick,McMeeking
10728,atosdevinv,Alonzo,Tosdevin
10733,ldorsayew,Lilli,D'Orsay
10735,tbarrackspj,Tallia,Barracks
10756,sofallone7m,Skipp,O'Fallone
10788,oblackledgehr,Orran,Blackledge
10804,lshooter82,Ludvig,Shooter
10859,tfenningpl,Tracy,Fenning
10865,wstallebrasse6,Wang,Stallebrass
10882,efritzfl,Esmeralda,Fritz
10885,vcraigie7o,Viki,Craigie
10908,sneachellpg,Sharla,Neachell
10928,kgerbl61,Klarrisa,Gerbl
10944,cmcgerraghtyh4,Claudell,McGerraghty
11028,cshorthillpy,Cornall,Shorthill
11034,bmullisoh,Betsey,Mullis
11059,rwidgerde,Raleigh,Widger
11062,cdoumerquedd,Casper,Doumerque
11080,bmogeyq4,Bengt,Mogey
11091,ppitkethlyi6,Pammie,Pitkethly
11093,switherbylu,Sioux,Witherby
11097,rveal7g,Roosevelt,Veal
11100,kbangham19,Kristyn,Bangham
11109,msiberrydu,Margaretha,Siberry
11116,bborthwickey,Broddie,Borthwick
11140,nbassingden6j,Nyssa,Bassingden
11158,tnafziger1w,Tiebout,Nafziger
11177,lducastelmv,Lila,Ducastel
11180,braphael30,Brett,Raphael
11181,lcuttelarm,Leif,Cuttelar
11183,omacnabes,Oswell,MacNab
11186,kmaccafferty1c,Kevina,MacCafferty
11202,tstarmontmp,Tilly,Starmont
11213,efranklingql,Ellswerth,Frankling
11219,akmieciak4,Ambros,Kmieciak
11235,tbillampz,Toddy,Billam
11245,tmonceyfb,Teddie,Moncey
11249,tcrossthwaitef7,Tulley,Crossthwaite
11261,dosipenkohg,Derek,Osipenko
11280,epurkesslm,Erroll,Purkess
11290,akentonf4,Alena,Kenton
11295,blumberj6,Barthel,Lumber
11296,ochampnissop,Ossie,Champniss
11308,tjeavon98,Tull,Jeavon
11322,mdonoherph,Mary,Donoher
11333,jsissensm5,Jeralee,Sissens
11338,rdyec6,Rik,Dye
11345,rbennisqw,Raleigh,Bennis
11352,mtothhl,Martie,Toth
11372,fattride6u,Fredra,Attride
11378,sfelceos,Sybilla,Felce
11394,sbrennando8,Sarita,Brennand
11442,asorleynn,Anastasia,Sorley
11454,fhallows7q,Fowler,Hallows
11458,jlyallgz,Jillana,Lyall
11460,ofurphye0,Osmond,Furphy
11465,soldakerfg,Stafford,Oldaker
11478,lmcquakeri9,Larissa,McQuaker
11483,acruess9r,Artur,Cruess
11490,mmedhurstcv,Mollee,Medhurst
11494,ematiasekd2,Erastus,Matiasek
11526,krudeyeard8b,Kennan,Rudeyeard
11553,mpellm7,Meridith,Pell
11554,droanp3,Danice,Roan
11557,jbashamh0,Jessie,Basham
11560,ckedward75,Caryl,Kedward
11591,hmckaguepf,Hilarius,McKague
11619,fpetrepi,Fowler,Petre
11643,cfell9h,Clevey,Fell
11689,jmcilvennaok,Janeta,McIlvenna
11710,nquinevanmy,Norrie,Quinevan
11734,tbraidmanib,Thorvald,Braidman
11750,scostanza1b,Susanetta,Costanza
11751,rburdass1v,Ransell,Burdass
11752,bobbardqd,Bronson,Obbard
11755,tlindroose1,Tani,Lindroos
11795,dseeneyk3,Darbie,Seeney
11800,jtynemouthaa,Jobina,Tynemouth
11837,ktimby3c,Kinna,Timby
11855,vendicott94,Vernice,Endicott
11867,vchasterko,Vaughn,Chaster
11875,ehamperow,Eveleen,Hamper
11903,rboncorebf,Ruthie,Boncore
11908,kingramoz,Kasey,Ingram
11913,edeletear,Ethelin,Delete
11974,vmurrockjz,Vanya,Murrock
11981,culsterfd,Cherye,Ulster
11985,cmacalindenu,Chase,MacAlinden
12003,babbottod,Bing,Abbott
12025,agammonmg,Adolphe,Gammon
12033,rlytellce,Russ,Lytell
12051,zygoe6m,Zachery,Ygoe
12064,ptomenson4b,Prudi,Tomenson
12067,efermerkj,Elbert,Fermer
12083,lmcronaldnp,Llewellyn,McRonald
12149,scasbournega,Sawyer,Casbourne
12151,dmatussowdv,Deerdre,Matussow
12182,naleksandrev6t,Nariko,Aleksandrev
12212,phordle6d,Phyllis,Hordle
12247,eferrillioak,Emalee,Ferrillio
12260,fbalnavell,Fee,Balnave
12264,drawsthorne2o,Dorrie,Rawsthorne
12276,nclemmens7c,Noelle,Clemmens
12284,avanderhoog1l,Aristotle,Van Der Hoog
12286,moduane52,Mandy,O'Duane
12288,cstanners3r,Carlin,Stanners
12289,mbelone29,Myrwyn,Belone
12290,abouchere3,Allianora,Boucher
12291,aclaque2s,Alena,Claque
12310,sshemmin1j,Skipper,Shemmin
12312,dcanto3u,Dre,Canto
12313,breckhouse4k,Berta,Reckhouse
12314,dkmicicki2a,Dionis,Kmicicki
12315,mhawton42,Margaretha,Hawton
12324,ckemeryp,Cathy,Kemery
12330,tgainb,Tawnya,Gain
12335,tredmain5,Tan,Redmain
12362,ssydry6i,Samaria,Sydry
12365,sriddichag,Somerset,Riddich
12381,zwestwelllv,Zebadiah,Westwell
12393,kpartner23,Kirbee,Partner
12399,bgromleydy,Balduin,Gromley
12403,smckendom1,Staford,McKendo
12404,djovovic7,Dewey,Jovovic
12411,eplanque4x,Evanne,Planque
12414,emcilratha5,Ellswerth,McIlrath
12415,lsouthey1h,Laney,Southey
12418,bwrennrc,Brett,Wrenn
12419,ydavidi3e,Yorke,Davidi
12421,cnesbeth36,Cletis,Nesbeth
12425,hdyhouseff,Hayden,Dyhouse
12432,sviollet6b,Stephine,Viollet
12436,apumfrettim,Aurthur,Pumfrett
12441,creadheadqb,Camellia,Readhead
12442,cthompstonelk,Candi,Thompstone
12451,cmelley3v,Charlena,Melley
12470,kenokssonbj,Karol,Enoksson
12472,smottershaw47,Sheena,Mottershaw
12478,aflecknoe2,Almeria,Flecknoe
12484,smaxtedj8,Sydelle,Maxted
12485,rdymentn2,Renado,Dyment
12488,cstelle1k,Cash,Stelle
12499,mbarrar1f,Melloney,Barrar
12502,pnutley24,Pammy,Nutley
12504,wosbiston1n,Wilek,Osbiston
12509,kfuncheoni,Kathleen,Funcheon
12515,hsilby46,Harris,Silby
12517,tcleft4a,Trenton,Cleft
12523,bkernan48,Berty,Kernan
12526,cmanklow51,Cordell,Manklow
12533,awilprecht2c,Adolphe,Wilprecht
12541,rcarbonellb2,Rollie,Carbonell
12545,llemmon40,Lonny,Lemmon
12547,ebedinne,Eliot,Bedinn
12548,jokennedy4v,Juliette,O'Kennedy
12552,kdabbes7x,Kimberley,Dabbes
12557,kbollans0,Kora,Bollans
12573,tmcelweemt,Timmy,McElwee
12575,npuntercs,Nananne,Punter
12581,dbagger2h,Dorella,Bagger
12588,narderneca,Nanny,Arderne
12591,pchafney1x,Pietrek,Chafney
12601,myesinova1,Marena,Yesinov
12602,hbratchell74,Happy,Bratchell
12607,ssmithermana2,Stern,Smitherman
12616,lkaney,Lois,Kane
12624,bpeakau,Barrie,Peak
12630,ncrawley49,Noe,Crawley
12652,ppappinn,Philomena,Pappin
12654,bgludork1,Burnaby,Gludor
12669,lsergent2x,Lulita,Sergent
12671,ngadd3n,Nikos,Gadd
12676,amayhou4p,Ardath,Mayhou
12683,gscutt95,Geralda,Scutt
12701,ffairham2i,Fairfax,Fairham
12705,lgavrielcn,Lois,Gavriel
12712,dhunnaball4m,Diane,Hunnaball
12717,vkloser3j,Venita,Kloser
12721,twindrum3g,Terence,Windrum
12731,vgadaultz,Van,Gadault
12734,csleanyfu,Cullie,Sleany
12736,bsowersby3l,Brittaney,Sowersby
12744,ctunder4s,Cassandre,Tunder
12749,tcalderhead3k,Terrence,Calderhead
12750,mmorhall17,Margaux,Morhall
12752,ktwist3,Kassey,Twist
12762,ashilld,Alfie,Shill
12766,athurlings,Ade,Thurling
12773,modogherty6,Moises,O'Dogherty
12776,morniz4o,Micheline,Orniz
12777,oloughanf,Osmond,Loughan
12781,ufisby3i,Ulrike,Fisby
12788,akenafaquej2,Auguste,Kenafaque
12799,garnkek,Georas,Arnke
12802,fewbanck11,Fayette,Ewbanck
12805,bbeckles3a,Beckie,Beckles
12815,msealeaf4f,Melony,Sealeaf
12820,blead3w,Bibbie,Lead
12833,hsibthorpelh,Hildegarde,Sibthorpe
12835,ahamlingtonoj,Ardine,Hamlington
12840,wfrakekp,Wilow,Frake
12850,nferbrache90,Nealon,Ferbrache
12856,dmar3b,Debee,Mar
12862,dkynton2r,Dev,Kynton
12868,hburnsyde4l,Hollie,Burnsyde
12870,bbansteadw,Berti,Banstead
12871,kkaine20,Karly,Kaine
12874,lpercifer3h,Lucila,Percifer
12875,jlortzing3p,Jasmina,Lortzing
12876,chickinbottom18,Chelsea,Hickinbottom
12877,acamber1a,Amalea,Camber
12878,emagrannell5e,Elroy,Magrannell
12879,juzielli55,Jorge,Uzielli
12880,acervantes56,Ad,Cervantes
12881,jkenion35,Junie,Kenion
12882,bstiling3t,Berry,Stiling
12883,sthorogood3x,Sig,Thorogood
12884,evoaden44,Ellis,Voaden
12886,rbryenton2b,Rani,Bryenton
12887,wfeldmus34,Wilmer,Feldmus
12889,gpleuman4n,Gauthier,Pleuman
12890,sdorot2w,Shaine,Dorot
12891,tlawful2e,Teddy,Lawful
12892,cleeming15,Christoph,Leeming
12893,scardoso1y,Sargent,Cardoso
12894,rgrishaev27,Randy,Grishaev
12895,modney1e,Michele,Odney
12896,gblown2n,Gaylord,Blown
12898,dfulle1z,Davide,Fulle
12901,eelderedg,Elsi,Eldered
12904,dbugbeer,Dru,Bugbee
12905,iliptrod1,Ingelbert,Liptrod
12906,mfenech22,Marlon,Fenech
12907,vgleave4d,Vanessa,Gleave
12908,amackinnon4j,Alfonso,MacKinnon
12909,rslowey31,Ritchie,Slowey
12910,wchristiensen5d,Werner,Christiensen
12911,repperson14,Rakel,Epperson
12912,mcrannage2l,Morena,Crannage
12913,bgourdon5c,Bobine,Gourdon
12915,kpettie2d,Kenn,Pettie
12916,cbukowski3o,Codie,Bukowski
12917,bshanklin4y,Barbabas,Shanklin
12918,ychimenti3z,Yurik,Chimenti
12919,wsurfleet4c,Woody,Surfleet
12920,nmcneigh2g,Nyssa,McNeigh
12923,fmorphet1q,Florina,Morphet
12924,cmeddowsp4,Charley,Meddows
12925,lduckhouse37,Lindsey,Duckhouse
12926,jhargrove38,Juieta,Hargrove
12930,gshapcote2u,Georges,Shapcote
12931,asegar58,Aimil,Segar
12932,mstyles57,Mufinella,Styles
12934,lmardea,Lindie,Marde
12936,wleteurtre4t,Whitney,Leteurtre
12937,nallonby3s,Natasha,Allonby
12938,challing3q,Carolynn,Halling
12939,ebavidge1p,Emelia,Bavidge
12949,jdelouchf5,Jobie,Delouch
12951,askippings39,Angelica,Skippings
12957,gkarolovskyq1,Gustave,Karolovsky
12958,akuhnwaldeo,Avram,Kuhnwald
12969,dkarpmann43,Daron,Karpmann
12970,ybagshawe2m,Yulma,Bagshawe
12974,abarnsley3m,Alida,Barnsley
12976,gdysert2t,Garrick,Dysert
12979,shudleston4h,Scarlett,Hudleston
12981,efazakerley3f,Evie,Fazakerley
12983,nroncioq,Noah,Ronci
12994,eprimmer4u,Enrique,Primmer
16425,afoskett2j,Alexander,Foskett